ticker,parent_name,utility_name,utility_id_eia,utility_id_ferc1_dbf,utility_id_irp,entity_type_eia,utility_type_rmi,public_private_unmapped,ferc_irp_data_available,has_ferc_data,has_irp_data,gross_profit,gross_profit_fraction_of_parent,net_generation_owned_2005,net_generation_owned_2022,emissions_co2_owned_2005,emissions_co2_owned_2022,net_generation_delivered_2005,net_generation_delivered_2022,emissions_co2_delivered_2005,emissions_co2_delivered_2022,emissions_co2_1point5c,emissions_co2_historical,emissions_co2_target_all_years,emissions_co2_irp,emissions_co2_1point5c_remaining,emissions_co2_irp_above_1point5c,emissions_co2_irp_above_1point5c_social_cost
AES,AES Corp.,AES Indiana,9273,74,9273,Investor Owned,Vertically Integrated,public,FERC & IRP,True,True,722514056.0,0.26651200885282184,16.538517672661868,13.775544503,16.287851495341894,10.6211881695387,15.85529986500866,13.31990518636,15.505639046417848,9.952447323420639,253.8273142192141,234.71627217787352,83.09402471954441,77.78107528162981,19.111042041340568,58.670033240289236,2880720397.4768553
AES,AES Corp.,The Dayton Power & Light Co.,4922,42,4922,Investor Owned,Restructured,public,FERC,True,False,308388209.0,0.11375441128734784,16.863023763591162,,15.59917179532114,,11.96962269213945,4.257835565109826,10.891725165453893,1.5883573313455364,111.58847911852058,100.76599701381694,15.48648398061898,17.768582875585892,10.822482104703639,6.946100770882251,375335930.90495026
AES,AES Corp.,Ohio Valley Electric Corp.,14015,128,14015,Investor Owned,Independent Power Producer,public,FERC,True,False,221323198.0,0.08163895167834748,7.657480999999999,5.229446004000001,7.2466012060691,5.046839325642429,0.25713314011627586,0.11541724758118464,0.24749073995345816,0.11259203166745035,3.3233899222158656,3.5461482707615026,1.1876286714966293,1.3592865982898426,-0.22275834854563703,1.5820449468354798,76002149.19665287
AQN,Algonquin Power & Utilities Corp.,The Empire District Electric Co.,5860,51,5860 and 26510 and 57222,Investor Owned,Vertically Integrated,public,FERC & IRP,True,True,388342879.0,0.21050071685928368,3.762928479,5.8571310409744,3.2083130107012936,2.3808130739186377,4.742291318450053,6.3289504170707795,4.0962233288892875,2.82542984248693,99.10724211401863,67.53696929338462,35.28097304325946,38.50695339267123,31.570272820634017,6.936680572037208,12042782.49390626
AQN,Algonquin Power & Utilities Corp.,"Luning Energy Holdings LLC, Invenergy Investments",57222,522,5860 and 26510 and 57222,Investor Owned,Restructured,public,FERC & IRP,True,True,48271887.0,0.026165709137801228,,0.15415,,0.0,,0.6035630117733889,,0.2559902572160435,99.10724211401863,67.53696929338462,35.28097304325946,38.50695339267123,31.570272820634017,6.936680572037208,12042782.49390626
AQN,Algonquin Power & Utilities Corp.,Liberty Utilities (Granite State Electric) Corp.,26510,59,5860 and 26510 and 57222,Investor Owned,Wires Only,public,FERC & IRP,True,True,36658313.0,0.019870587521065367,,,,,0.8112809999999999,0.48303204404759004,0.7565047812957179,0.11538850263108844,99.10724211401863,67.53696929338462,35.28097304325946,38.50695339267123,31.570272820634017,6.936680572037208,12042782.49390626
ALE,"Allete, Inc.","Minnesota Power, Inc.",12647,98,12647,Investor Owned,Vertically Integrated,public,FERC & IRP,True,True,475714259.0,0.6036982982233503,11.739567313604093,6.966267008832598,12.02371281630986,4.762159747428997,12.540618520853865,8.644532289711044,11.904897132231973,4.730720205092339,167.10082881966926,142.69497580394258,39.8735546434898,46.64405937829644,24.405853015726677,22.238206362569763,983878456.7393233
ALE,"Allete, Inc.","Superior Water, Light & Power Co.",18336,167,18336,Investor Owned,Wires Only,public,FERC,True,False,9825108.0,0.01246841116751269,,,,,0.601971,0.925053,0.61134907659071,0.5295420521013341,14.189182591865432,11.261392868336593,6.884046677317343,5.9238633858916385,2.9277897235288393,2.9960736623628006,125225002.67307785
LNT,Alliant Energy,Interstate Power & Light Co.,9417,281,9417,Investor Owned,Vertically Integrated,public,FERC & IRP,True,True,856713405.0,0.3838321706989247,7.804123994,12.622334005669,7.7643525633426735,5.2393679952752255,10.568850086000515,14.277688321610546,9.188918554181502,5.015796219909077,209.73551042023564,148.21224757680727,51.6472084503884,61.490344558821825,61.52326284342837,-0.032918284606552106,-410090262.0249909
LNT,Alliant Energy,Wisconsin Power & Light Co.,20856,194,20856,Investor Owned,Vertically Integrated,public,FERC & IRP,True,True,747800564.0,0.33503609498207887,8.096824809714285,11.82694563207,8.165985350261373,6.791030863756491,10.5297088142185,10.946510851008512,9.3489864099319,5.7059012380005605,173.1272866752166,138.60779801568503,54.32443494821452,51.70584983131879,34.51948865953156,17.186361171787205,595270356.007077
LNT,Alliant Energy,Wisconsin River Power Co.,20863,196,20863,Investor Owned,Independent Power Producer,public,FERC,True,False,6064599.0,0.0027171142473118278,0.138361001,,0.0016770591047909453,,0.0,,0.0,,0.0,0.0,0.0,0.0,0.0,0.0,0.0
AEE,Ameren Corp.,Ameren Missouri,19436,177,19436,Investor Owned,Vertically Integrated,public,FERC & IRP,True,True,2034200517.0,0.4269046205666317,52.792891199,37.822066416,43.133950006220495,26.339008452180042,41.21978645200323,32.992783279699644,33.77459543927236,22.5336757905021,545.5700621003812,499.1242724025063,210.27981512366125,213.45271696208295,46.445789697874886,167.0069272642081,7369788526.988226
AEE,Ameren Corp.,Ameren Illinois Co.,61576,443,61576,Investor Owned,Wires Only,public,FERC,True,False,1496319555.0,0.31402299160545644,,,,,,10.209540207053942,,5.8484845564884385,118.21221740470571,88.15779011985761,76.0302992343497,65.42563218474046,30.054427284848103,35.37120489989237,1320817875.011325
AEE,Ameren Corp.,Ameren Transmission Co. Of Illinois,,444,,,Wires Only,public,FERC,True,False,195592193.0,0.0410476795383001,,,,,,,,,,,,,,,
AEP,"American Electric Power Co., Inc.",Appalachian Power Co.,733,6,733,Investor Owned,Vertically Integrated,public,FERC & IRP,True,True,1678339296.0,0.14818857077266748,39.117961270465855,18.006623071,34.367294077058574,13.851392266731706,35.83283651596309,28.264669735483427,28.55476811983177,16.95174345723723,452.87214619954165,424.1769385543432,160.9324126305037,177.57205623344683,28.695207645198423,148.8768485882484,6893074680.618831
AEP,"American Electric Power Co., Inc.",Indiana Michigan Power Co.,9324,73,9324,Investor Owned,Vertically Integrated,public,FERC & IRP,True,True,1203928354.0,0.1063005689714543,25.253323899999998,19.0037914975,7.264778245307981,3.0673791094973515,17.254498017548112,18.229158313615244,7.915191494284714,5.522561047841954,156.31795805567856,141.8396659446804,60.23027588370972,44.723286740772025,14.478292110998154,30.244994629773856,1645480990.3802514
AEP,"American Electric Power Co., Inc.",AEP Texas,,514,,,Restructured,public,FERC,True,False,1192240177.0,0.10526856415056023,,,,,,,,,,,,,,,
AEP,"American Electric Power Co., Inc.",Southwestern Electric Power Co.,17698,164,17698,Investor Owned,Vertically Integrated,public,FERC & IRP,True,True,1011361327.0,0.08929790891512224,20.6053774556,15.7091270598046,20.372286992812242,13.403129850928487,18.152087214777243,16.382239261953078,17.52596815481732,12.632451867999125,314.77108018908905,281.9704306169397,97.8583627002571,96.96864186738443,32.800649572149325,64.16799229523512,2920153014.6158366
AEP,"American Electric Power Co., Inc.","AEP Ohio Transmission Co., Inc.",,438,,,Wires Only,public,FERC,True,False,714030712.0,0.06304517266040952,,,,,,,,,,,,,,,
AEP,"American Electric Power Co., Inc.",Public Service Co. Of Oklahoma,15474,148,15474,Investor Owned,Vertically Integrated,public,FERC & IRP,True,True,617905680.0,0.05455783571876352,15.437989035200001,8.471864016,11.403367398897336,4.9119625229328046,18.640085718862192,20.009781081426205,13.547713847990936,10.143685790002339,251.88048117530678,209.68427336677303,104.33187649193653,74.29448322997266,42.19620780853376,32.09827542143891,1409095730.6295502
AEP,"American Electric Power Co., Inc.","AEP Indiana Michigan Transmission Co., Inc.",,440,,,Wires Only,public,FERC,True,False,381587493.0,0.033692177348861437,,,,,,,,,,,,,,,
AEP,"American Electric Power Co., Inc.",Kentucky Power Co.,22053,81,22053,Investor Owned,Vertically Integrated,public,FERC & IRP,True,True,278384892.0,0.024579928128062725,16.316767,2.9359696497500005,14.92229926270568,2.967423180596091,12.997899852726743,6.384994231723876,11.338980009000068,4.708771030966053,132.93858088413842,126.9718648804633,61.379584275006536,40.548816514015215,5.966716003675117,34.5821005103401,1622824818.5577033
AEP,"American Electric Power Co., Inc.",Ohio Valley Electric Corp.,14015,128,14015,Investor Owned,Independent Power Producer,public,FERC,True,False,221323198.0,0.01954167936639678,7.657480999999999,5.229446004000001,7.2466012060691,5.046839325642429,0.25713314011627586,0.11541724758118464,0.24749073995345816,0.11259203166745035,3.3233899222158656,3.5461482707615026,1.1876286714966293,1.3592865982898426,-0.22275834854563703,1.5820449468354798,76002149.19665287
AEP,"American Electric Power Co., Inc.","AEP West Virginia Transmission Co., Inc.",,437,,,Wires Only,public,FERC,True,False,206341741.0,0.01821889516762761,,,,,,,,,,,,,,,
AEP,"American Electric Power Co., Inc.","AEP Oklahoma Transmission Co., Inc.",,442,,,Wires Only,public,FERC,True,False,166923951.0,0.014738510732228472,,,,,,,,,,,,,,,
AEP,"American Electric Power Co., Inc.",Wheeling Power Co.,20521,192,20521,Investor Owned,Vertically Integrated,public,FERC & IRP,True,True,156931156.0,0.013856199263621674,,1.7509435005000002,,1.7687760771798169,2.220226,4.950170251776318,1.3145819257596199,2.897238501366762,37.416822038505316,37.40157585861441,24.65323519704308,33.15031892405313,0.015246179890908707,33.13507274416223,1484467673.5200593
AEP,"American Electric Power Co., Inc.",AEP Generating Co.,343,1,343,Investor Owned,Independent Power Producer,public,FERC,True,False,121052191.0,0.01068827454373681,6.2798001,1.5751753482500002,5.852867325918432,2.1471653766481467,0.0,0.0,0.0,0.0,0.0,0.0,0.0,0.0,0.0,0.0,0.0
AEP,"American Electric Power Co., Inc.",Kingsport Power Co.,10331,83,10331,Investor Owned,Wires Only,public,FERC,True,False,39152010.0,0.003456917453225849,,,,,2.154988,1.9388779999999997,1.893276232277693,1.4914600938467233,32.98871772473453,31.80309838810014,19.388981220007402,16.684616087423386,1.1856193366343888,15.498996750788999,714155968.8480499
AEP,"American Electric Power Co., Inc.","Transource Missouri, LLC",,453,,,Wires Only,public,FERC,True,False,32998305.0,0.002913577527216861,,,,,,,,,,,,,,,
AEP,"American Electric Power Co., Inc.","AEP Kentucky Transmission Co., Inc.",,439,,,Wires Only,public,FERC,True,False,19401329.0,0.001713035750549635,,,,,,,,,,,,,,,
AEP,"American Electric Power Co., Inc.","AEP Appalachian Transmission Co., Inc.",,436,,,Wires Only,public,FERC,True,False,13103558.0,0.0011569755511800595,,,,,,,,,,,,,,,
AEP,"American Electric Power Co., Inc.","Transource West Virginia, LLC",,512,,,Wires Only,public,FERC,True,False,9979393.0,0.0008811281421898867,,,,,,,,,,,,,,,
AEP,"American Electric Power Co., Inc.","AEP Southwestern Transmission Co., Inc.",,441,,,Wires Only,public,FERC,True,False,368912.0,3.257299769550668e-05,,,,,,,,,,,,,,,
AEP,"American Electric Power Co., Inc.",Missing Respondent 520,,520,,,Wires Only,public,FERC,True,False,,,,,,,,,,,,,,,,,
AEP,"American Electric Power Co., Inc.",Missing Respondent 521,,521,,,Wires Only,public,FERC,True,False,,,,,,,,,,,,,,,,,
AWR,American States Water Co.,Golden State Water Co.,54710,269,54710,Investor Owned,Restructured,public,FERC,True,False,,,0.001256,,0.0012579071065849498,,0.0,,0.0,,0.0,0.0,0.0,0.0,0.0,0.0,0.0
AGR,"Avangrid, Inc.",New York State Electric & Gas Corp.,13511,115,13511,Investor Owned,Restructured,public,FERC,True,False,663874784.0,0.1263320235965747,0.332706999,0.166348,0.0003571178837278148,0.00015945159357763996,10.708632575973978,8.735711052666785,3.696059380410252,1.9651542762158483,50.33580320350994,34.400157743150054,25.548417452302797,22.062502448090434,15.935645460359886,6.126856987730548,68246162.42858404
AGR,"Avangrid, Inc.",The United Illuminating Co.,19497,179,19497,Investor Owned,Restructured,public,FERC,True,False,411556714.0,0.07831716726926737,,0.050037700000000004,,0.0258999508284024,6.3181237239067505,2.8053417,1.55915540205213,0.6785470650185244,13.070407488677148,12.32759886429534,8.820197116862477,7.602417026768623,0.7428086243818086,6.859608402386815,264728994.5398124
AGR,"Avangrid, Inc.",Rochester Gas & Electric Corp.,16183,151,16183,Investor Owned,Restructured,public,FERC,True,False,401728448.0,0.07644689781160799,1.283655997,0.021468,1.0811538161011107,0.0,2.775901194317123,3.2282633154948237,2.2564652157492286,0.7309970170492143,37.6031510434208,26.0618251668336,9.502961221639785,8.175854047079937,11.541325876587202,-3.365471829507261,-87430034.60307187
AGR,"Avangrid, Inc.","Maine Electric Power Co., Inc.",,90,,,Wires Only,public,FERC,True,False,26936102.0,0.005125804376784015,,,,,,,,,,,,,,,
AVA,Avista Corp.,Avista Corp.,20169,187,20169,Investor Owned,Vertically Integrated,public,FERC & IRP,True,True,464476650.0,0.4931729016269684,7.230646503257042,7.99464827305,2.360166863072864,2.54324191883658,8.936009599481496,9.86996762313249,2.667952003056302,2.5887667073926415,51.52444066387018,42.564421317480104,23.411455440768236,20.649380081230916,8.960019346390077,11.689360734840847,443522583.7939592
AVA,Avista Corp.,Alaska Electric Light & Power Co.,213,3,213,Investor Owned,Vertically Integrated,public,FERC,True,False,25578701.0,0.027159001840068038,0.06662800400000002,0.144703,0.0,0.00095826122201502,0.332199004,0.425563,0.14191560793192046,0.12231271948202926,3.1722936562556496,2.475278076681473,1.106132419663569,1.399978403135307,0.6970155795741766,0.7029628235611305,25300323.41278065
,Basin Electric Power Coop.,Basin Electric Power Coop.,1307,531,1307,Cooperative,Cooperative,private,FERC & IRP,True,True,501282454.0,,16.76386636133333,19.948046954432733,17.318542361674133,19.452913242179914,0.9578085369556535,1.112435710531818,1.0151411273082471,0.8077945396502045,20.462447597236743,18.089728769120573,10.50132901545266,10.000480297982792,2.37271882811617,7.627761469866621,333317725.6140437
,Bear Valley Electric Service,"Bear Valley Electric Service, Inc.",17612,537,17612,Investor Owned,Wires Only,private,FERC & IRP,True,True,14654000.0,,,0.0017599999999999998,,0.001780891772577,0.148455,0.15347399999999997,0.08789927682526211,0.040615659407575534,1.6266821150768023,0.8787917896923642,0.528003572298482,0.40579454325721365,0.7478903253844381,-0.3420957821272244,-24414813.539213654
BRK-B,"Berkshire Hathaway, Inc.",Pacificorp,14354,134,14354,Investor Owned,Vertically Integrated,public,FERC & IRP,True,True,2842443901.0,0.020402121008318917,50.532602572287,52.152220253248885,46.68947780069361,34.409566643690646,52.1631957739456,60.967880173191816,42.845928596720384,35.166468133018576,864.219659316925,732.7678389677666,330.33320067245444,311.3154234549916,131.45182034915842,179.86360310583325,7839553611.281376
BRK-B,"Berkshire Hathaway, Inc.",MidAmerican Energy Co.,12341,210,12341,Investor Owned,Vertically Integrated,public,FERC,True,False,1927919930.0,0.013837970801243172,19.162189521666363,43.502015702838854,18.7591419116307,10.792601404552213,20.77220565216642,29.81214606991294,17.83191569257545,8.040688119913403,458.04433636740856,304.03261339662987,94.16084594780463,110.37048446275318,154.0117229707787,-43.64123850802546,-3288596704.762751
BRK-B,"Berkshire Hathaway, Inc.",Nevada Power Co.,13407,108,13407,Investor Owned,Vertically Integrated,public,FERC & IRP,True,True,982377014.0,0.007051176879293143,8.544754768235295,14.251545001,7.275530572980191,5.807710920215573,21.072774751767955,21.35564317049964,12.828471344696254,7.45123204055511,233.62797798142483,171.9632101990553,73.58313456358715,97.52911356608887,61.66476778236952,35.86434578371932,1007028335.3298659
BRK-B,"Berkshire Hathaway, Inc.",Sierra Pacific Power Co.,17166,157,17166,Investor Owned,Vertically Integrated,public,FERC & IRP,True,True,351017344.0,0.002519486251175343,3.6118525009999995,4.792425002,2.8829527825261234,2.739430813983013,8.949411783340482,8.742539666908682,6.030221164536153,3.901790878396376,105.77752948407327,85.99985346234028,37.8208850823602,44.52649190273269,19.777676021732987,24.74881588099971,943410329.5959609
BRK-B,"Berkshire Hathaway, Inc.",Missing Respondent 527,,527,,,Wires Only,public,FERC,True,False,1940844.0,1.3930735495725698e-05,,,,,,,,,,,,,,,
BKH,Black Hills Corp.,"Black Hills Power, Inc.",19545,12,19545,Investor Owned,Vertically Integrated,public,FERC & IRP,True,True,170864242.0,0.14154139440409289,2.5020407970000003,1.7410709203999999,2.958633094422848,1.6861213463116573,2.010524783647391,2.134371308430619,2.1450215911716635,1.7126639209888195,39.09250961118916,35.5261065646394,17.723693701538345,19.170211428268896,3.566403046549759,15.603808381719142,702279534.0772585
BKH,Black Hills Corp.,"Black Hills/Colorado Electric Utility Co., LP",56146,432,56146,Investor Owned,Vertically Integrated,public,FERC & IRP,True,True,106832318.0,0.0884983018105185,,0.474882,,0.15974247447063353,,1.9851748128940137,,1.225860006111248,29.027231930066364,18.79219332319157,10.906910752864716,10.49608044742405,10.235038606874795,0.2610418405492537,-57463175.92190701
BKH,Black Hills Corp.,"Cheyenne Light, Fuel & Power Co.",3461,403,3461,Investor Owned,Vertically Integrated,public,FERC & IRP,True,True,68644249.0,0.0568638739595483,,0.93867064,,0.902412267869193,0.938001,2.106047947833823,0.8608709771152303,1.9628409576466992,23.36513330774732,23.98051870869267,17.541593174600255,22.621314036306494,-0.6153854009453497,23.236699437251843,1066525126.9393077
BAM,Brookfield Asset Management,Smoky Mountain Transmission LLC,,451,,,Wires Only,public,FERC,True,False,,,,,,,,,,,,,,,,,
BAM,Brookfield Asset Management,Catalyst Old River Hydroelectric Ltd.,6371,18,6371,Independent Power Producer,Independent Power Producer,public,FERC,True,False,,,0.810948,0.9160659989999999,0.0,0.0,0.0,0.0,0.0,0.0,0.0,0.0,0.0,0.0,0.0,0.0,0.0
BEP,Brookfield Renewable Partners LP,Catalyst Old River Hydroelectric Ltd.,6371,18,6371,Independent Power Producer,Independent Power Producer,public,FERC,True,False,,,0.810948,0.9160659989999999,0.0,0.0,0.0,0.0,0.0,0.0,0.0,0.0,0.0,0.0,0.0,0.0,0.0
,"Buckeye Power, Inc.",Ohio Valley Electric Corp.,14015,128,14015,Investor Owned,Independent Power Producer,private,FERC,True,False,221323198.0,,7.657480999999999,5.229446004000001,7.2466012060691,5.046839325642429,0.25713314011627586,0.11541724758118464,0.24749073995345816,0.11259203166745035,3.3233899222158656,3.5461482707615026,1.1876286714966293,1.3592865982898426,-0.22275834854563703,1.5820449468354798,76002149.19665287
CMS,CMS Energy Corp.,Consumers Energy Co.,4254,41,4254,Investor Owned,Vertically Integrated,public,FERC & IRP,True,True,2141361306.0,0.5027849978868278,26.781671993696055,18.71793914506179,19.321561227912703,13.335694202081273,36.80207258785593,35.61524919102678,24.290952562183282,19.348930569613625,431.02310009271025,388.44145069252033,153.7165039697082,165.9741179815243,42.58164940018992,123.39246858133438,5790956940.078857
,Caisse de Depot et Placement du Quebec,AES Indiana,9273,74,9273,Investor Owned,Vertically Integrated,private,FERC & IRP,True,True,722514056.0,,16.538517672661868,13.775544503,16.287851495341894,10.6211881695387,15.85529986500866,13.31990518636,15.505639046417848,9.952447323420639,253.8273142192141,234.71627217787352,83.09402471954441,77.78107528162981,19.111042041340568,58.670033240289236,2880720397.4768553
,Caisse de Depot et Placement du Quebec,Green Mountain Power Corp.,7601,61,7601,Investor Owned,Vertically Integrated,private,FERC & IRP,True,True,248941172.0,,0.1746273576851064,0.7592428445862821,0.015295897480865009,0.016858242451028974,2.0810499330708847,4.329661022362978,0.24904527470534815,0.7301690114908995,7.4600178912896205,8.638359853271416,0.7301690114908996,9.226523995766913,-1.1783419619817952,10.404865957748708,463456284.01841813
,California Independent System Operator Corp.,California Independent System Operator Corp.,,229,,,Other,private,FERC,True,False,70032243.0,,,,,,,,,,,,,,,,
CNP,"CenterPoint Energy, Inc.","Centerpoint Energy Houston Electric, LLC",8901,68,8901,Investor Owned,Wires Only,public,FERC,True,False,1713673213.0,0.28480525394714973,,,,,,,,,,,,,,,
CNP,"CenterPoint Energy, Inc.",Southern Indiana Gas & Electric Co.,17633,163,17633,Investor Owned,Vertically Integrated,public,FERC & IRP,True,True,314172426.0,0.05221413096227356,7.148819192261589,4.874275013894426,6.908250197473679,4.797141203257425,5.67707270930537,4.816041321322092,5.1132476051908045,4.387275035522175,87.45824503562169,92.33912401732097,28.869865172500464,24.93386578873086,-4.880878981699283,29.81474477043015,1605010630.8548672
,Chugach Electric Assn Inc,"Chugach Electric Association, Inc.",3522,202,3522,Cooperative,Cooperative,private,FERC,True,False,169556393.0,,2.312756403,1.8121861,1.2610234553021564,0.7450953516775998,1.2692483196418063,1.7257844778638265,0.6451648280590936,0.6956379368899843,11.93259137796271,9.99691170571603,9.043293179569794,9.28134875129948,1.93567967224668,7.345669079052801,314900855.57126176
,Citizens Energy Corp.,Citizens Sunrise Transmission LLC.,,321,,,Wires Only,private,FERC,True,False,5342081.0,,,,,,,,,,,,,,,,
,Citizens Energy Corp.,Missing Respondent 528,,528,,,Wires Only,private,FERC,True,False,1647890.0,,,,,,,,,,,,,,,,
,City of Calgary,Emera Maine,1179,11,1179,Investor Owned,Restructured,private,FERC,True,False,146086192.0,,0.000826999,,0.0006780025102800558,,0.3111538539245657,1.4134313236233809,0.11099722730612357,0.21267585978962927,5.717867683210402,3.1232934038557354,2.7647861772651807,2.3769955309596833,2.5945742793546667,-0.21757874839498345,-26984543.77613893
,Cleco Corp.,Cleco Power LLC,3265,22,3265,Investor Owned,Vertically Integrated,private,FERC & IRP,True,True,558037550.0,,5.024050306278028,11.285249560465033,4.8130632737349455,6.481302128001436,9.047860660895623,8.48190385781998,6.869740087158183,4.825376201821434,124.55373372938588,119.95762689127874,62.729890623678635,44.592217375704514,4.596106838107147,39.996110537597374,2009266102.8484924
ED,"Consolidated Edison, Inc.","Consolidated Edison Co. Of New York, Inc.",4226,36,4226,Investor Owned,Restructured,public,FERC,True,False,5684923023.0,0.5205020163889398,2.2616799970000003,3.011998,1.4721923284266931,1.2927200141593453,31.317081997,27.39439861016559,9.19028108661945,7.0473874912810555,130.54440748482793,109.08939283926696,55.987578402955045,81.08741478270811,21.455014645560965,59.63240013714715,2429264954.452573
ED,"Consolidated Edison, Inc.","Orange & Rockland Utilities, Inc",14154,131,14154,Investor Owned,Wires Only,public,FERC,True,False,263271398.0,0.024104687603003112,,-6e-06,,0.0,2.807415372118916,2.0518488419944716,1.0347339428563544,0.4712584873014375,14.035634564498377,9.567874506999074,3.743886871339198,5.271850854980467,4.467760057499303,0.8040907974811629,-18819793.729822822
ED,"Consolidated Edison, Inc.",Rockland Electric Co.,16213,152,16213,Investor Owned,Wires Only,public,FERC,True,False,58766212.0,0.005380535799304156,,,,,1.628723,1.025114,0.6003012551501569,0.37952143454597276,7.9851846571388805,7.7039964029644645,3.0150869522263393,4.245617739604432,0.28118825417441595,3.9644294854300157,179689144.7261675
,Consolidated Water Power Co,Consolidated Water Power Co.,4247,40,4247,Investor Owned,Vertically Integrated,private,FERC,True,False,7687252.0,,0.138518001,0.15965334,0.0,0.0,1.4494212924535632,0.67716334,1.2863764053112225,0.29624606090998185,17.055961982260136,14.533358596635535,3.851198791829764,3.2966383590010766,2.522603385624601,0.7740349733764748,25849247.39113341
,Cube Hydro Partners,Alcoa Power Generating Inc.,317,171,317,Independent Power Producer,Independent Power Producer,private,FERC,True,False,65988827.0,,0.804965003,,0.0,,0.0,,0.0,,0.0,0.0,0.0,0.0,0.0,0.0,0.0
,"DQE Holdings, LLC",Duquesne Light Co.,5487,46,5487,Investor Owned,Wires Only,private,FERC,True,False,637954673.0,,,,,,7.343525443602826,4.902369864704026,4.34335896008835,2.0478334022593945,56.205909996226374,47.96361934280119,26.621834229372126,22.908634477491702,8.242290653425187,14.666343824066518,615440459.3239884
DTE,DTE Energy,DTE Electric Co.,5109,44,5109,Investor Owned,Vertically Integrated,public,FERC & IRP,True,True,3359273678.0,0.583612522237665,46.5714851679,38.6492419238637,36.64974142908467,26.99597774891903,44.972109091661125,40.75036112439496,34.95119975777028,26.582671164688076,632.1629358223021,607.2125179033189,182.37458983383,207.32535383739398,24.950417918983135,182.37493591841096,9096304187.445812
,Deseret Generation & Tran Coop,Deseret Generation & Transmission Coop.,40230,226,40230,Cooperative,Cooperative,private,FERC,True,False,67805182.0,,4.38800257175411,4.039612226045792,4.238655418884559,3.8303951652960015,0.031006514941191644,0.02199478680236758,0.030071792864465232,0.02085564661041059,0.5222038050849306,0.4994923294888515,0.3974281027293213,0.3567620674339722,0.022711475596079056,0.3340505918378931,14869586.046607703
D,Dominion Energy,Dominion Energy Virginia,19876,186,19876,Investor Owned,Vertically Integrated,public,FERC & IRP,True,True,4907302752.0,0.46991312381499567,66.078879676,70.098157454,34.71808097634277,20.794399663885592,80.86520002823124,90.90459178643984,44.51743482893203,28.03375891459653,585.0810384037499,567.2202328478498,279.93877866667316,382.0140581344061,17.860805555900015,364.1532525785061,17031122025.007267
D,Dominion Energy,South Carolina Electric & Gas Co.,17539,159,17539,Investor Owned,Vertically Integrated,public,FERC & IRP,True,True,1554759364.0,0.148880528966772,20.59200898,19.9563224321,13.133623155416483,7.0264069773692,22.815311315350524,22.987369397273046,15.464198428944602,8.437281109886827,252.09731145574426,209.84743265963687,89.66866008800564,101.82807763216772,42.249878796107396,59.578198836060324,2519100950.4981527
D,Dominion Energy,"South Carolina Generating Co., Inc.",17554,160,17554,Investor Owned,Independent Power Producer,public,FERC,True,False,67731726.0,0.006485849468543522,4.798392,1.7419440160000002,4.223399913122731,1.6856621915904808,0.0,0.0,0.0,0.0,0.0,0.0,0.0,0.0,0.0,0.0,0.0
DUK,Duke Energy Corp.,"Duke Energy Carolinas, LLC",5416,45,5416,Investor Owned,Vertically Integrated,public,FERC & IRP,True,True,4606778750.0,0.25399893863373213,88.66180531422958,82.617821347,41.347824305074354,20.926275060089136,82.85500472854432,85.31151040333883,38.02548610017853,21.334629180241713,686.8132577012254,536.4631884744681,247.09803437584836,248.3351742635172,150.35006922675734,97.98510503675988,3519042631.9009795
DUK,Duke Energy Corp.,"Duke Energy Progress, Inc.",3046,17,3046,Investor Owned,Vertically Integrated,public,FERC & IRP,True,True,3281996125.0,0.18095584302806417,57.27462771932801,59.39491385275,29.68361659184942,16.824789894803523,45.919768481002265,44.9529302813017,23.362984606211434,12.033506221611944,416.0500683086864,320.78691923203434,129.99476768024496,153.0356503196924,95.26314907665204,57.77250124304037,2077189945.0136514
DUK,Duke Energy Corp.,"Duke Energy Florida, Inc.",6455,55,6455,Investor Owned,Vertically Integrated,public,FERC & IRP,True,True,2045262910.0,0.11276743176931135,37.22275469726815,42.466813497153915,23.593939399707356,19.303192137876643,41.370741711047806,42.53471556360698,24.78372018993939,19.228439798046434,446.659173734411,391.71883709181657,168.84253315451625,234.72658963053163,54.940336642594445,179.78625298793722,7627550000.914681
DUK,Duke Energy Corp.,"Duke Energy Indiana, Inc.",15470,144,15470,Investor Owned,Vertically Integrated,public,FERC & IRP,True,True,1680068742.0,0.09263211898329382,35.86999965590809,19.685390851224454,33.27517154440507,17.342642999789774,32.575692713283665,28.93235073670191,28.6864157918003,21.37214845829082,465.70117764657635,447.64850792199803,236.07724386853823,216.09407365092966,18.052669724578323,198.04140392635134,9372449012.19675
DUK,Duke Energy Corp.,"Duke Energy Ohio, Inc.",3542,27,3542,Investor Owned,Wires Only,public,FERC,True,False,710584320.0,0.03917871312786018,26.39995366457072,-0.000473,24.677705635469955,0.0,3.4204692870778106,6.55614142731496,2.6303780615170163,2.879159856571827,129.20098201832073,127.5489843555226,24.664175932694107,32.21030068603115,1.6519976627981237,30.558303023233034,1657149878.7735596
DUK,Duke Energy Corp.,Ohio Valley Electric Corp.,14015,128,14015,Investor Owned,Independent Power Producer,public,FERC,True,False,221323198.0,0.012202855929867123,7.657480999999999,5.229446004000001,7.2466012060691,5.046839325642429,0.25713314011627586,0.11541724758118464,0.24749073995345816,0.11259203166745035,3.3233899222158656,3.5461482707615026,1.1876286714966293,1.3592865982898426,-0.22275834854563703,1.5820449468354798,76002149.19665287
DUK,Duke Energy Corp.,"Duke Energy Kentucky, Inc.",55729,178,55729,Investor Owned,Vertically Integrated,public,FERC & IRP,True,True,185573671.0,0.010231773226002095,,2.889752021,,3.025771856666666,4.274517,4.2432994652583504,2.5309147760418234,3.316052282282614,29.21886957837054,34.443718765625846,27.216723201573384,36.08718852134683,-5.224849187255305,41.31203770860214,1895921568.5355835
DUK,Duke Energy Corp.,"Datc Path 15, LLC",,295,,,Wires Only,public,FERC,True,False,18821112.0,0.0010377191376743672,,,,,,,,,,,,,,,
EIX,Edison International,Southern California Edison Co.,17609,161,17609,Investor Owned,Restructured,public,FERC & IRP,True,True,6232626466.0,0.6655233813134009,34.294108031579135,11.548921782999999,10.931907187350477,1.6280279142723662,78.53065043049898,58.14329249940467,26.017983674067,8.856009138074324,443.03228426910493,336.0328923960245,80.08912611823737,100.59171676773467,106.99939187308041,-6.40767510534573,-1147547337.9207659
,El Paso Electric Co.,El Paso Electric Co.,5701,49,5701,Investor Owned,Vertically Integrated,private,FERC & IRP,True,True,570136402.0,,8.170238809563624,9.895600215303226,2.587669113150336,2.8565503977977067,7.729324559058111,8.94128781743237,2.6865013960061335,3.0036254852136657,51.838280405682454,47.99241032497047,31.057181934967545,36.428287728355095,3.8458700807119826,32.58241764764311,1428965051.6467953
EMRAF,"Emera, Inc.",Tampa Electric Co.,18454,170,18454,Investor Owned,Vertically Integrated,public,FERC & IRP,True,True,944616176.0,,17.360597998,19.346740027,13.110152865363998,7.856031859949312,19.870348095738322,21.03898973804825,13.981460540206616,8.487851848644091,245.20436087203862,215.0277215304475,80.20869981658541,105.39075686385821,30.176639341591112,75.2141175222671,3404077300.9196873
,"Energir, Inc.",Vermont Yankee Nuclear Power Corp.,,185,,,Independent Power Producer,private,FERC,True,False,23171.0,,,,,,,,,,,,,,,,
ETR,Entergy Corp.,"Entergy Louisiana, LLC",11241,454,11241,Investor Owned,Vertically Integrated,public,FERC & IRP,True,True,2320670327.0,0.28960872396442683,18.030659002,51.99676914598369,6.097224370281827,15.44281029652931,29.60621267536249,58.37777962977365,15.44522191102931,19.071441321814824,411.0385763587466,314.0343487715725,152.47354434744787,215.19218225899377,97.00422758717406,118.18795467181967,4753031850.721823
ETR,Entergy Corp.,"Entergy Arkansas, Inc.",814,8,814,Investor Owned,Vertically Integrated,public,FERC & IRP,True,True,1271858988.0,0.1587220098830381,20.914347286499996,28.0038948864076,7.196280841417229,7.824375275569031,22.386418520938737,23.444525386603694,8.889385561172586,6.132479930987337,163.33061402483753,135.95451128199178,53.051621005461186,61.43101871889221,27.376102742845745,34.05491597604646,1447773194.7895734
ETR,Entergy Corp.,"Entergy Texas, Inc.",55937,315,55937,Investor Owned,Vertically Integrated,public,FERC,True,False,837269686.0,0.10448731237496292,,11.956446061773274,,6.53814112671217,,22.001894905349207,,11.308435545766601,179.9931244883395,159.03108685780055,89.05392992291199,138.3064471185094,20.96203763053896,117.34440948797045,5111107346.455719
ETR,Entergy Corp.,"Entergy Mississippi, LLC",12685,100,12685,Investor Owned,Vertically Integrated,public,FERC & IRP,True,True,822338564.0,0.10262397869095483,5.308405251,12.030688749,4.511565682738139,5.4992226719198065,14.424809853728846,13.632405372221879,9.227104409778763,5.348077243424486,164.61739599825574,131.78243074917202,42.33712944845275,59.71725470398261,32.83496524908372,26.882289454898906,958773825.0855702
ETR,Entergy Corp.,"System Energy Resources, Inc.",12465,169,12465,Investor Owned,Independent Power Producer,public,FERC,True,False,412567447.0,0.05148647375062133,9.0700614,7.740297,0.0,0.0,0.0,0.0,0.0,0.0,0.0,0.0,0.0,0.0,0.0,0.0,0.0
ETR,Entergy Corp.,"Entergy New Orleans, LLC",13478,114,13478,Investor Owned,Vertically Integrated,public,FERC & IRP,True,True,244555140.0,0.030519329355109114,1.6616449999999996,3.515134,0.9780908997607923,1.410620307398008,4.850421056620363,5.782800478211643,2.3273729515646924,1.7949803150576789,46.49303632559691,36.68965018491343,14.192688192485976,20.710082592564074,9.803386140683479,10.906696451880597,419976526.98283046
ETR,Entergy Corp.,"Ewo Marketing, LLC",,305,,,Other,public,FERC,True,False,-5013808.0,-0.000625699617989141,,,,,,,,,,,,,,,
EVRG,"Evergy, Inc.","Evergy Metro, Inc.",10000,79,10000,Investor Owned,Vertically Integrated,public,FERC & IRP,True,True,1053386399.0,0.2614056627044197,19.62690945,19.151343170429005,15.565698642722129,10.44836891362173,15.596203749738057,18.263251613382497,12.416551951592677,8.36012900903488,236.97845038267758,192.47274359668853,65.6488720624598,92.03416993093852,44.50570678598905,47.52846314494948,2013276320.9568906
EVRG,"Evergy, Inc.","Evergy Kansas Central, Inc.",22500,191,10005 and 22500,Investor Owned,Vertically Integrated,public,FERC & IRP,True,True,802168675.0,0.19906411767625382,5.683301319999999,11.20070477876,5.525558256253906,9.926883694690115,4.393659454946423,10.803785714324853,4.163132742412174,6.399416556891066,276.54187771287235,273.6867398214503,92.85121149873251,124.30150560437983,2.8551378914220322,121.44636771295781,5979410670.230804
EVRG,"Evergy, Inc.","Evergy Kansas South, Inc.",10005,80,10005 and 22500,Investor Owned,Vertically Integrated,public,FERC & IRP,True,True,592164943.0,0.14695013102712362,12.647440349,5.2609343826,8.604107656376753,5.535681618602738,10.539051913892413,6.462295845480923,7.262735554836,6.21102422942218,276.54187771287235,273.6867398214503,92.85121149873251,124.30150560437983,2.8551378914220322,121.44636771295781,5979410670.230804
EVRG,"Evergy, Inc.",Kcp&L Greater Missouri Operations Co.,56211,182,12698 and 56211,Investor Owned,Vertically Integrated,public,FERC & IRP,True,True,421570707.0,0.10461590366528525,,2.11016291344,,2.059607678150387,5.101374358743347,8.973476227983712,3.746825741253121,4.793344197132775,114.80385450294888,108.8194332475711,48.62803123493454,48.90244289873005,5.984421255377782,42.91802164335226,2138446456.9720287
EVRG,"Evergy, Inc.","Westar Generating, Inc.",22500,276,10005 and 22500,Investor Owned,Vertically Integrated,public,FERC & IRP,True,True,14121655.0,0.00350439362731717,5.683301319999999,11.20070477876,5.525558256253906,9.926883694690115,4.393659454946423,10.803785714324853,4.163132742412174,6.399416556891066,276.54187771287235,273.6867398214503,92.85121149873251,124.30150560437983,2.8551378914220322,121.44636771295781,5979410670.230804
ES,Eversource Energy,"Connecticut Light & Power Co., The",4176,39,4176,Investor Owned,Wires Only,public,FERC,True,False,2142502698.0,0.33008599449585185,,,,,25.003296664472742,11.961808797344032,10.805364724495176,1.8486585527675654,97.3455019026508,80.70257476371496,24.032561185978352,20.680511907030883,16.642927138935832,4.037584768095041,288185134.6686175
ES,Eversource Energy,NSTAR Electric Co.,54913,309,54913,Investor Owned,Restructured,public,FERC,True,False,1593675636.0,0.24553061599592405,,0.07002499999999999,,0.0,,4.053085939552697,,0.7360041430475042,66.07452527742608,42.849612783188014,9.568053859617555,8.255317172923638,23.224912494238062,-14.96959532131443,-924679969.2433684
ES,Eversource Energy,Public Service Co. Of New Hampshire,15472,146,15472,Investor Owned,Restructured,public,FERC,True,False,641271784.0,0.09879793139180873,5.6655355988695035,0.006781614970651452,5.127347694073653,0.005571963871120613,8.576033191099839,4.097343003240862,6.1487151501245405,0.8343987154040393,67.16245764197234,43.3725810086572,10.802852511309753,9.344365580491766,23.78987663331514,-14.445511052823376,-902751797.6929393
EXC,Exelon Corp.,Commonwealth Edison Co.,4110,32,4110,Investor Owned,Wires Only,public,FERC,True,False,3705047224.0,0.1951771176315651,,,,,80.61434912884818,33.43404637712101,47.73125182826414,12.472349358629366,425.5893312868406,316.00672640181085,43.653222755202776,139.52526226849102,109.58260488502975,29.942657383461256,-358929908.5774005
EXC,Exelon Corp.,Peco Energy Co.,14940,135,14940,Investor Owned,Restructured,public,FERC,True,False,1422978804.0,0.07496069135542327,,,,,39.14949724922416,15.736111052081384,2.963902465266447,3.642673945983395,31.09643297807243,125.11618870749497,47.35476129778414,40.749743537314224,-94.01975572942254,134.76949926673677,8051950954.608075
EXC,Exelon Corp.,Potomac Electric Power Co.,15270,143,15270,Investor Owned,Wires Only,public,FERC,True,False,1279878754.0,0.06742236495812043,5.394600000000001e-06,,3.8023153592125336e-06,,16.05509554510942,10.758797,11.061690762124558,4.01641637057683,143.63270201401323,114.50875282929772,18.073873667595734,44.93071284091873,29.123949184715514,15.806763656203202,584521891.0824499
EXC,Exelon Corp.,Baltimore Gas & Electric Co.,1167,10,1167,Investor Owned,Wires Only,public,FERC,True,False,1260545204.0,0.06640389843544224,,,,,24.161713,15.49543,14.25223454877852,5.780467438558005,177.15691938725283,173.67234839625453,75.14607670125406,64.66474055597732,3.484570990998293,61.18016956497904,3319669442.4518976
EXC,Exelon Corp.,Delmarva Power & Light Co.,5027,43,5027,Investor Owned,Wires Only,public,FERC,True,False,559061408.0,0.029450635199915715,0.7397833364500002,,0.6530953025316633,,14.062404211436018,7.2323599254966915,9.044255178530719,2.0815795839616467,91.53802814164037,69.65434832380552,27.0605345915014,23.28614513864948,21.883679817834846,1.4024653208146334,-67584470.11375473
EXC,Exelon Corp.,Atlantic City Electric Co.,963,9,963,Investor Owned,Wires Only,public,FERC,True,False,555856422.0,0.02928180066375178,2.2129832247,,2.0920214512094164,,8.875382687315657,5.688274893630021,10.576057560474126,2.1668841133529715,135.51815573577036,66.89922949543424,28.16949347358863,24.24042700598508,68.61892624033612,-44.378499234351054,-3025408588.382682
EXC,Exelon Corp.,"Commonwealth Edison Co. Of Indiana, Inc.",,33,,,Wires Only,public,FERC,True,False,,,,,,,,,,,,,,,,,
FE,FirstEnergy Corp.,"American Transmission Systems, Inc.",,258,,,Wires Only,public,FERC,True,False,772426594.0,0.10048479172629114,,,,,,,,,,,,,,,
FE,FirstEnergy Corp.,Jersey Central Power & Light Co.,9726,77,9726,Investor Owned,Restructured,public,FERC,True,False,659687440.0,0.0858185820215949,-0.10092949899999999,,0.032435936857852336,,19.591838285305325,12.39442520779314,11.681461325770135,4.15429874602682,148.62577143528566,125.90389933055295,54.005883698348654,46.473170804826864,22.72187210473271,23.75129870009416,1005090214.9950283
FE,FirstEnergy Corp.,Ohio Edison Co.,13998,126,13998,Investor Owned,Restructured,public,FERC,True,False,649352218.0,0.08447407545206193,0.4610269508136095,,0.47173766473362916,,14.118409518911221,5.863414,13.486528245264038,2.1195598000267992,145.2829763959009,119.82411670277463,27.55427740034839,23.711020954354396,25.45885969312627,-1.747838738771875,-154701695.14690128
FE,FirstEnergy Corp.,Monongahela Power Co.,12796,101,15263 and 12796,Investor Owned,Vertically Integrated,public,FERC & IRP,True,True,532632070.0,0.06928997918563809,9.446341814874703,17.012344978,8.953315611289677,16.62994510547321,12.865912599908132,16.00141992014355,11.201149385943628,14.772371341305071,340.29387711822943,330.09330067544374,184.14495487519798,208.15432249768375,10.200576442785689,197.95374605489803,8857620632.37339
FE,FirstEnergy Corp.,The Cleveland Electric Illuminating Co.,3755,30,3755,Investor Owned,Wires Only,public,FERC,True,False,506600174.0,0.06590349603226225,,,,,6.5898396583148156,3.823131,6.0713072570492885,1.3868193977974892,104.0172568922675,92.83778953998159,18.02865217136736,15.514025035134958,11.179467352285911,4.334557682849047,258683307.78265667
FE,FirstEnergy Corp.,West Penn Power Co.,20387,188,20387,Investor Owned,Restructured,public,FERC,True,False,455225512.0,0.05922017848315338,,,,,21.420542641391087,8.199515348890657,19.443463545627758,3.0580371904623633,201.5283277498427,168.51987923851314,39.754483476010726,34.20954855877685,33.00844851132956,1.2011000474472966,-62308398.43716413
FE,FirstEnergy Corp.,Metropolitan Edison Co.,12390,96,12390,Investor Owned,Wires Only,public,FERC,True,False,403369204.0,0.05247420372056719,0.117848999,,0.0,,14.618582234582286,6.399845345036195,7.581074840397499,2.36725555066618,80.61772181061106,75.91659319302157,30.77432215866034,26.481935525219832,4.7011286175894895,21.780806907630343,1063914470.2507293
FE,FirstEnergy Corp.,Pennsylvania Electric Co.,14711,136,14711,Investor Owned,Restructured,public,FERC,True,False,396379130.0,0.051564866657994014,,,,,14.60996445996938,5.093087932308233,4.6112798372287624,1.8989361278328765,45.293926184037026,94.6999265070358,24.686169661827392,21.242955408692236,-49.40600032299877,70.648955731691,4491454039.692577
FE,FirstEnergy Corp.,The Potomac Edison Co.,15263,142,15263 and 12796,Investor Owned,Restructured,public,FERC & IRP,True,True,292233027.0,0.03801652491218941,,,,,12.8826794865854,4.422609625861474,11.495396977714343,2.1337273277156954,340.29387711822943,330.09330067544374,184.14495487519798,208.15432249768375,10.200576442785689,197.95374605489803,8857620632.37339
FE,FirstEnergy Corp.,Missing Respondent 516,,516,,,Wires Only,public,FERC,True,False,280479038.0,0.036487451281384156,,,,,,,,,,,,,,,
FE,FirstEnergy Corp.,Ohio Valley Electric Corp.,14015,128,14015,Investor Owned,Independent Power Producer,public,FERC,True,False,221323198.0,0.028791882138675687,7.657480999999999,5.229446004000001,7.2466012060691,5.046839325642429,0.25713314011627586,0.11541724758118464,0.24749073995345816,0.11259203166745035,3.3233899222158656,3.5461482707615026,1.1876286714966293,1.3592865982898426,-0.22275834854563703,1.5820449468354798,76002149.19665287
FE,FirstEnergy Corp.,Toledo Edison Co.,18997,175,18997,Investor Owned,Restructured,public,FERC,True,False,183379296.0,0.023855768960582804,,,,,4.138327962458036,2.331807,3.9417166689533136,0.8694477077072322,53.410427637287754,45.39851247712634,11.302820200194018,9.726308649513413,8.011915160161415,1.714393489351999,74785671.47730523
FE,FirstEnergy Corp.,Pennsylvania Power Co.,14716,137,14716,Investor Owned,Restructured,public,FERC,True,False,113679684.0,0.014788563028489658,,,,,2.3098963223527473,1.8137622642678284,2.2036665396978377,0.6710500941750426,36.10933501490925,24.624491753502056,8.723651224275553,7.5068808363910025,11.484843261407192,-3.977962425016192,-296147531.81345177
FE,FirstEnergy Corp.,The Allegheny Generating Co.,6458,5,6458,Retail Power Marketer,Independent Power Producer,public,FERC,True,False,19173231.0,0.002494241056328867,,-0.44870239999999995,,0.0,14.43068,24.2450716,8.544315355473197,9.788930638449086,340.3371872368945,302.02903172239655,127.25609829983811,109.06184056796444,38.30815551449797,70.75368505346651,3010178082.6296434
FE,FirstEnergy Corp.,"Path Allegheny Transmission Co., LLC",,313,,,Wires Only,public,FERC,True,False,795948.0,0.00010354468583322492,,,,,,,,,,,,,,,
FE,FirstEnergy Corp.,Trans-Allegheny Interstate Line Co.,,311,,,Wires Only,public,FERC,True,False,,,,,,,,,,,,,,,,,
,Fonds de solidarite FTQ,Green Mountain Power Corp.,7601,61,7601,Investor Owned,Vertically Integrated,private,FERC & IRP,True,True,248941172.0,,0.1746273576851064,0.7592428445862821,0.015295897480865009,0.016858242451028974,2.0810499330708847,4.329661022362978,0.24904527470534815,0.7301690114908995,7.4600178912896205,8.638359853271416,0.7301690114908996,9.226523995766913,-1.1783419619817952,10.404865957748708,463456284.01841813
FTS,"Fortis, Inc.",Tucson Electric Power Co.,24211,176,24211,Investor Owned,Vertically Integrated,public,FERC & IRP,True,True,741849412.0,0.17154733786462856,11.31026461057661,9.314511782153506,11.182287951689782,6.621191621788964,9.46845306405572,7.590542184226816,9.016428178533955,4.724515471817356,143.97467969797967,125.94794751185859,46.27239328273701,44.61394049596612,18.02673218612108,26.58720830984503,1176458956.3407044
FTS,"Fortis, Inc.",ITC Midwest LLC,,316,,,Wires Only,public,FERC,True,False,507113642.0,0.11726638030945329,,,,,,,,,,,,,,,
FTS,"Fortis, Inc.",International Transmission Co.,,289,,,Wires Only,public,FERC,True,False,427514823.0,0.09885972624228201,,,,,,,,,,,,,,,
FTS,"Fortis, Inc.",Michigan Electric Transmission Co. LLC,,308,,,Wires Only,public,FERC,True,False,349060154.0,0.08071764862882615,,,,,,,,,,,,,,,
FTS,"Fortis, Inc.",Central Hudson Gas & Electric Corp.,3249,19,3249,Investor Owned,Restructured,public,FERC,True,False,260677995.0,0.06027991039526356,0.102515001,0.06946000000000001,0.00047152638637519887,0.00192398068676386,4.514982138602196,3.2011685626571666,1.693924363706104,0.7190472789772974,22.511951455012575,15.788360319202773,9.332574019091256,8.062932387703992,6.7235911358098015,1.3393412518941905,-10828824.71832247
FTS,"Fortis, Inc.","UNS Electric, Inc.",19728,288,19728,Investor Owned,Vertically Integrated,public,FERC & IRP,True,True,76420567.0,0.017671706164209353,0.0014600029999999999,0.698685499,0.0015256358225712537,0.2954681804064169,1.6255927042342078,1.8214142030125866,1.6174591858570977,1.0018256903770952,31.589263354196518,25.490613071011637,11.784646712384788,12.971907993439268,6.098650283184881,6.873257710254388,272645130.735571
FTS,"Fortis, Inc.","ITC Great Plains, LLC",,433,,,Wires Only,public,FERC,True,False,65124437.0,0.015059557393411693,,,,,,,,,,,,,,,
FTS,"Fortis, Inc.",ITC Interconnection LLC,60744,455,60744,Transmission,Wires Only,public,FERC,True,False,1993728.0,0.0004610352522948016,,,,,,,,,,,,,,,
FTS,"Fortis, Inc.",Central Hudson Gas & Electric Corp.,3249,,3249,Investor Owned,Investor Owned,public,FERC,True,False,,,0.102515001,0.06946000000000001,0.00047152638637519887,0.00192398068676386,4.514982138602196,3.2011685626571666,1.693924363706104,0.7190472789772974,22.511951455012575,15.788360319202773,9.332574019091256,8.062932387703992,6.7235911358098015,1.3393412518941905,-10828824.71832247
,"Golden Spread Electric Cooperative, Inc","Golden Spread Electric Coop., Inc.",7349,58,7349,Cooperative,Cooperative,private,FERC,True,False,141630687.0,,,3.193647992,,1.60301760542355,0.0,0.0,0.0,0.0,0.0,0.0,0.0,0.0,0.0,0.0,0.0
IDA,"IDACORP, Inc.",Idaho Power Co.,9191,70,9191,Investor Owned,Vertically Integrated,public,FERC & IRP,True,True,621295342.0,0.6654214335210836,13.5159034758,11.9229529720319,7.381547522630478,5.577978473054308,14.246847982360133,17.517676041870153,7.567470125527672,5.7741042862305445,154.60214223465346,108.23750688349449,28.115608203825392,47.082685129409896,46.36463535115897,0.718049778250935,-363113043.443477
,"ISO New England, Inc.",ISO New England Inc.,,231,,,Other,private,FERC,True,False,76781568.0,,,,,,,,,,,,,,,,
IBDRY,"Iberdrola, S.A.",Central Maine Power Co.,3266,23,3266,Investor Owned,Wires Only,public,FERC,True,False,531187646.0,,,,,,0.00028736408094585475,4.963573,7.310411322515505e-05,1.0933876967988532,10.67724007349435,8.004672804890756,8.686357813457557,12.231473058558246,2.6725672686035935,9.55890578995465,405313911.3831227
,Indiana-Kentucky Electric Corp.,Indiana-Kentucky Electric Corp.,,,,,Unknown,unmapped,FERC,True,False,89459253.0,,,,,,,,,,,,,,,,
,LS Power,"Desertlink, LLC",,538,,,Wires Only,private,FERC,True,False,22470223.0,,,,,,,,,,,,,,,,
,LS Power,"Republic Transmission, LLC",,533,,,Wires Only,private,FERC,True,False,5285043.0,,,,,,,,,,,,,,,,
,LS Power Grid New York Corp. I,LS Power Grid New York Corp. I,,,,,Unknown,unmapped,FERC,True,False,16559669.0,,,,,,,,,,,,,,,,
,Lockhart Power Co,Lockhart Power Co.,11118,84,11118,Investor Owned,Vertically Integrated,private,FERC,True,False,20272830.0,,0.08494700000000001,0.082117,0.0,0.00010573458313698,0.22592360231510383,0.3439309613220948,0.08061050701935427,0.06534416222320122,1.5159708312718294,1.097194345473875,0.8494741089016158,0.6893995862518068,0.41877648579795435,0.27062310045385246,11416357.410584569
MDU,MDU Resources Group Inc.,"MDU Resources Group, Inc.",12199,95,12199,Investor Owned,Vertically Integrated,public,FERC & IRP,True,True,186108485.0,0.036324411389847974,1.6609274980000002,1.56516424925,2.0083100969298506,0.9412224637816374,2.0668490588290074,3.133256127537076,2.3955028768762556,1.9037113504998981,57.45821671747561,44.08812582638338,26.224608685113076,23.886709688517804,13.370090891092225,10.516618797425583,377393563.93375367
MGEE,"MGE Energy, Inc.",Madison Gas & Electric Co.,11479,89,11479,Investor Owned,Vertically Integrated,public,FERC,True,False,227991371.0,0.5519409957586087,2.2443805770000003,2.31772252158,2.208204275848362,1.5260855168398584,3.3591406950544833,3.1983394686515765,2.8619855886002807,1.9601832382882873,50.139960957541916,44.054674241088584,11.519160129028494,23.440579085891837,6.085286716453332,17.355292369438505,739171037.7815168
,Maine Yankee Atomic Power Co.,Maine Yankee Atomic Power Co.,,92,,,Independent Power Producer,private,FERC,True,False,224886.0,,,,,,,,,,,,,,,,
,Massachusetts Electric Co,Massachusetts Electric Co.,11804,93,11804,Investor Owned,Restructured,private,FERC,True,False,576064635.0,,,0.003262,,0.0,15.512916713726327,5.753776161129933,5.987180531460037,2.26558747345031,68.4601064221306,67.99761916845512,29.45263715485403,25.343390971449715,0.4624872536754765,24.880903717774242,1114170442.5287995
,"Mckenzie Electric Coop., Inc.","Mckenzie Electric Coop., Inc.",12087,541,12087,Cooperative,Cooperative,private,FERC,True,False,35050492.0,,,,,,0.294621,5.536255000000001,0.05539162023794911,3.9112666337300577,8.759586924925461,23.238867579276302,50.84646623849075,43.75442726799593,-14.479280654350841,58.23370792234677,2632276744.2205944
,"Midcontinent Independent System Operator, Inc.","Midcontinent Independent System Operator, Inc",,274,,,Other,private,FERC,True,False,39944742.0,,,,,,,,,,,,,,,,
,Midwest Energy Inc,Midwest Energy Inc.,12524,213,12524,Cooperative,Cooperative,private,FERC,True,False,62591713.0,,-0.00028000100000000005,0.09815500000000002,0.00036124562536081776,0.04759732549496836,1.2887977463493618,1.6830248697696446,1.1958070285999376,1.338893409865787,26.43351956453662,22.624547705767803,17.40561432825523,15.047576455320375,3.8089718587688175,11.23860459655156,471137638.81206733
,Morongo Transmission LLC,Morongo Transmission LLC,,,,,Unknown,unmapped,FERC,True,False,23353198.0,,,,,,,,,,,,,,,,
,Mountrail-Williams Electric Coop.,Mountrail-Williams Electric Coop.,,,,,Unknown,unmapped,FERC,True,False,67946598.0,,,,,,,,,,,,,,,,
MCPB,Mt. Carmel Public Utility Co.,Mt. Carmel Public Utility Co,13032,105,13032,Investor Owned,Wires Only,public,FERC,True,False,4660855.0,,,,,,0.15469853441084466,0.0939754387621062,0.15198022045287857,0.053795778932892474,1.9342115470490762,1.4712298778314916,0.6993451261276021,0.6018008274725263,0.46298166921758455,0.13881915825494157,680658.2958703937
NGG,National Grid plc,Niagara Mohawk Power Corp.,13573,117,13573,Investor Owned,Wires Only,public,FERC,True,False,1506038581.0,0.47946324064468115,,,,,23.98428751869628,16.291225701629912,3.020677480560322,3.4291442391116305,36.36205882763876,43.87688195572058,30.41431498228003,38.361036526570985,-7.514823128081815,45.8758596546528,2093389387.89696
NGG,National Grid plc,National Grid Generation LLC,26751,85,26751,Investor Owned,Independent Power Producer,public,FERC,True,False,333242713.0,0.10609132668441607,11.130059,,8.132045720908035,,0.0,,0.0,,0.0,0.0,0.0,0.0,0.0,0.0,0.0
NGG,National Grid plc,National Grid Generation LLC,56505,85,56505,Investor Owned,Independent Power Producer,public,FERC,True,False,333242713.0,0.10609132668441607,,4.963130008,,3.0608651397666575,,0.0,,0.0,0.0,0.0,0.0,0.0,0.0,0.0,0.0
NGG,National Grid plc,New England Hydro-Transmission Corp.,,112,,,Wires Only,public,FERC,True,False,5310782.0,0.001690743371518874,,,,,,,,,,,,,,,
NGG,National Grid plc,"New England Hydro-Trans. Elec. Co., Inc.",,111,,,Wires Only,public,FERC,True,False,3575836.0,0.0011384050436712644,,,,,,,,,,,,,,,
NGG,National Grid plc,New England Electric Transmission Corp.,,110,,,Wires Only,public,FERC,True,False,530708.0,0.0001689564800837313,,,,,,,,,,,,,,,
NGG,National Grid plc,Connecticut Yankee Atomic Power Co.,,38,,,Independent Power Producer,public,FERC,True,False,199265.0,6.343811098360062e-05,,,,,,,,,,,,,,,
,New England Power Company,New England Power Co.,13433,113,13433,Investor Owned,Restructured,private,FERC,True,False,420629278.0,,0.06207472004468084,-0.0007239999999999999,0.051345394771483775,2.563934336026e-05,0.07806760245346486,-6.116000915261331e-05,0.015329297424896101,2.165887395829416e-06,0.12844889456118655,0.0759731755501383,0.0,0.0,0.05247571901104825,-0.05247571901104826,-3891965.8995895926
,New York Independent System Operator,New York Independent System Operator,,250,,,Other,private,FERC,True,False,29646269.0,,,,,,,,,,,,,,,,
,"New York Transco, LLC","New York Transco, LLC",,,,,Unknown,unmapped,FERC,True,False,61943614.0,,,,,,,,,,,,,,,,
,"New York Transco, LLC",Missing Respondent 515,,515,,,Wires Only,private,FERC,True,False,,,,,,,,,,,,,,,,,
,"NextEra Energy Transmission New York, Inc.","NextEra Energy Transmission New York, Inc.",,,,,Unknown,unmapped,FERC,True,False,9889112.0,,,,,,,,,,,,,,,,
NEE,"NextEra Energy, Inc.",Florida Power & Light Co.,6452,56,6452 and 7801,Investor Owned,Vertically Integrated,public,FERC & IRP,True,True,10054215577.0,0.8016437232498804,97.98426809342052,138.78575929175,42.603452010417335,37.90418029954112,113.96167976251985,132.04457353234963,51.92191481607926,35.92924823859597,1153.6891538607174,884.735313535779,200.91548284529267,459.1153444145779,268.95384032493837,190.16150408963964,6473889097.901388
NEE,"NextEra Energy, Inc.",Trans Bay Cable LLC,,446,,,Wires Only,public,FERC,True,False,112587289.0,0.008976821001435178,,,,,,,,,,,,,,,
NEE,"NextEra Energy, Inc.","New Hampshire Transmission, LLC",,435,,,Wires Only,public,FERC,True,False,18724009.0,0.0014929045606761281,,,,,,,,,,,,,,,
NEE,"NextEra Energy, Inc.",Missing Respondent 518,,518,,,Wires Only,public,FERC,True,False,17658179.0,0.0014079236963801627,,,,,,,,,,,,,,,
NEE,"NextEra Energy, Inc.",GridLiance High Plains LLC,,322,,,Wires Only,public,FERC,True,False,12692377.0,0.0010119898740232817,,,,,,,,,,,,,,,
NEE,"NextEra Energy, Inc.","Horizon West Transmission, LLC",,530,,,Wires Only,public,FERC,True,False,3717460.0,0.0002964008929995216,,,,,,,,,,,,,,,
NEE,"NextEra Energy, Inc.",Gridliance Heartland LLC,,526,,,Wires Only,public,FERC,True,False,836840.0,6.672301068410142e-05,,,,,,,,,,,,,,,
NEE,"NextEra Energy, Inc.","NextEra Energy Transmission Midatlantic Indiana, Inc.",,539,,,Wires Only,public,FERC,True,False,-51479.0,-4.1045287832881515e-06,,,,,,,,,,,,,,,
NEE,"NextEra Energy, Inc.",Gulf Power Co.,7801,62,6452 and 7801,Investor Owned,Vertically Integrated,public,FERC & IRP,True,True,,,14.89320775,2.082818757990813,13.343651103321656,2.339265060457148,11.640771614331506,1.5091490790350657,10.122768514297064,1.6949625108107385,1153.6891538607174,884.735313535779,200.91548284529267,459.1153444145779,268.95384032493837,190.16150408963964,6473889097.901388
NI,"NiSource, Inc.",Northern Indiana Public Service Co.,13756,119,13756,Investor Owned,Vertically Integrated,public,FERC & IRP,True,True,906520513.0,0.25846677301628035,15.873912000999999,6.990620999,16.745047767043413,5.221666361033091,17.36091035077383,16.435497704423906,17.695526663751085,9.033599787203485,314.37307878560915,255.93928178178308,43.05955772134095,57.23486771483523,58.43379700382607,-1.1989292889908363,-177934793.89662266
,North Central Power Co Inc,"North Central Power Co., Inc.",13697,418,13697,Investor Owned,Vertically Integrated,private,FERC,True,False,,,-0.00010799900000000002,-8.4e-05,0.000118709420872028,3.02943250078e-06,0.035514001,0.043178999999999995,0.026891896040862923,0.02476872156047617,0.5270254754881463,0.3754287534194681,0.32195399766368005,0.2771623660477349,0.1515967220686782,0.12556564397905676,3859219.234880787
NWE,"NorthWestern Energy Group, Inc.",Northwestern Corp.,56815,122,56815,Investor Owned,Vertically Integrated,public,FERC,True,False,582547368.0,0.6153010748145269,,0.566821,,0.252583267469845,,0.0,,0.0,0.0,0.0,0.0,0.0,0.0,0.0,0.0
NWE,"NorthWestern Energy Group, Inc.",Northwestern Corp.,13902,122,13902,Investor Owned,Vertically Integrated,public,FERC & IRP,True,True,582547368.0,0.6153010748145269,1.6687825032570422,3.860075007212252,1.7646315028738324,1.7422658488859326,6.001268217225861,6.422032931361494,4.064600139032729,2.570024203540353,75.61009841312939,53.07371814399218,25.48401885944656,30.24443665419898,22.53638026913721,7.708056385061767,142626863.56458002
NWE,"NorthWestern Energy Group, Inc.",Northwestern Corp.,13809,122,13809,Investor Owned,Vertically Integrated,public,FERC & IRP,True,True,582547368.0,0.6153010748145269,1.3142535450000001,1.2240615271976,1.373612633143965,0.8614131897602912,1.2298530795854588,1.7616822395938645,1.234976629846516,0.842470013372208,28.160504130715896,20.721971314499033,9.460603415452539,10.014796683117618,7.438532816216863,2.5762638669007565,78921406.5073476
NWE,"NorthWestern Energy Group, Inc.",Northwestern Corp.,12825,122,12825,Investor Owned,Vertically Integrated,public,FERC,True,False,582547368.0,0.6153010748145269,,,,,,,,,0.0,0.0,0.0,0.0,0.0,0.0,0.0
,Northwestern Wisconsin Elec Co,Northwestern Wisconsin Electric Co.,13815,123,13815,Investor Owned,Vertically Integrated,private,FERC,True,False,8555056.0,,0.00012900099999999995,-4e-06,0.0006796893869628071,2.209269067642e-05,0.190467211633273,0.19867900000000002,0.13610166167074772,0.11365615112456533,2.4544436984277893,2.1542261319703764,1.4772427596405557,1.2712283591654683,0.30021756645741293,0.9710107927080556,42283632.8018356
OGE,OGE Energy Corp.,Oklahoma Gas & Electric Co.,14063,130,14063,Investor Owned,Vertically Integrated,public,FERC & IRP,True,True,1401296247.0,0.9182204619618636,21.902603999999997,13.561736496,20.47909872754901,9.090058352480302,23.7116745703347,31.433197892774956,21.865826803889075,21.50952366822214,473.74187920730867,374.602803314549,279.62380768688786,234.5515462121803,99.13907589275965,135.41247031942066,5121589077.829144
,Ohio Power Co,Ohio Power Co.,14006,127,14006,Investor Owned,Restructured,private,FERC,True,False,1457746167.0,,45.13785824568007,,41.168212558298734,,26.56573004803809,17.00789267874322,23.449496000691227,7.017654937909825,325.87238657186015,271.0366871873651,91.22951419282772,78.50486845481056,54.83569938449506,23.66916907031552,932997927.5985878
,Ohio Valley Electric Corp.,Indiana-Kentucky Electric Corp.,9269,72,9269,Investor Owned,Independent Power Producer,private,FERC,True,False,,,8.981019000000002,5.813741,8.768613340635486,5.796247849154648,0.0,0.0,0.0,0.0,0.0,0.0,0.0,0.0,0.0,0.0,0.0
,Old Dominion Electric Coop,Old Dominion Electric Coop.,40229,129,40229,Cooperative,Cooperative,private,FERC,True,False,180716763.0,,5.500013696663733,6.463220937,3.124267579308792,2.1495473951521102,0.0,0.0,0.0,0.0,0.0,0.0,0.0,0.0,0.0,0.0,0.0
,"Ontario Power Generation, Inc.",Missing Respondent 517,,517,,,Wires Only,private,FERC,True,False,5272790.0,,,,,,,,,,,,,,,,
OTTR,Otter Tail Corp.,Otter Tail Power Co.,14232,132,14232,Investor Owned,Vertically Integrated,public,FERC & IRP,True,True,240110628.0,0.4113328719391234,3.5716500719999997,3.1036547119430002,3.8199034115295243,2.0596890565459782,4.325105408783814,5.794274933678089,3.646505793054202,3.7440676424550667,74.81551093340124,66.08196129713198,38.78503779296331,39.434672190481244,8.73354963626926,30.701122554211985,1386061761.223667
PCG,PG&E Corp.,Pacific Gas & Electric Co.,14328,133,14328,Investor Owned,Restructured,public,FERC & IRP,True,True,6711958738.0,0.4127642050304409,31.021129002,28.603309,0.6710238640280001,2.1271386927361715,77.12366077726439,46.94637738731595,13.101781914479465,6.928277619289341,211.55129360791562,208.51978419986884,68.7926980341896,95.78869249725201,3.0315094080467873,92.7571830892052,4282044281.7192526
,"PJM Interconnection, LLC","PJM Interconnection, LLC",,255,,,Other,private,FERC,True,False,46088792.0,,,,,,,,,,,,,,,,
,"PJM Interconnection, LLC","PJM Settlement, Inc.",,447,,,Other,private,FERC,True,False,0.0,,,,,,,,,,,,,,,,
PNM,"PNM Resources, Inc.",Public Service Co. Of New Mexico,15473,147,15473,Investor Owned,Vertically Integrated,public,FERC & IRP,True,True,556376607.0,0.5613790557659302,10.13360230256621,9.28651736375703,7.75569322466677,4.630659657575498,8.152112461524093,10.77802090396757,6.307590804646258,4.4122571605468845,136.39122333237927,107.62492189517923,44.19958607410914,35.79038165728978,28.766301437200042,7.024080220089738,205751470.10436594
PPL,PPL Corp.,PPL Electric Utilities Corp.,14715,138,14715,Investor Owned,Restructured,public,FERC,True,False,1475937285.0,0.3415730814626244,1.66444884685,,1.4796669318387545,,41.3469504614803,13.356885119865328,24.80816567700474,4.936865305410008,217.6405069784559,185.37932865203447,53.957232948172816,55.22756031885575,32.26117832642143,22.96638199243432,805014202.2996678
PPL,PPL Corp.,Kentucky Utilities Co.,10171,82,10171 and 11249,Investor Owned,Vertically Integrated,public,FERC & IRP,True,True,1124388607.0,0.2602149055774126,19.064858023663508,19.88613096743758,18.493308323131632,16.817453414895063,21.298433871675574,20.40055636422866,20.50031128390359,17.27670358362387,577.0953654313005,561.912288511411,248.43659196834957,323.65666838841827,15.183076919889459,308.4735914685288,14155261735.994764
PPL,PPL Corp.,Louisville Gas & Electric Co.,11249,88,10171 and 11249,Investor Owned,Vertically Integrated,public,FERC & IRP,True,True,707637675.0,0.16376710830826197,17.17498882533649,12.698562474962419,16.32710570691191,11.047303268809982,12.646345786283703,11.949012485877445,12.043209765380327,10.613973168224847,577.0953654313005,561.912288511411,248.43659196834957,323.65666838841827,15.183076919889459,308.4735914685288,14155261735.994764
PPL,PPL Corp.,The Narragansett Electric Co.,13214,107,13214,Investor Owned,Wires Only,public,FERC,True,False,319659600.0,0.07397815320527655,,,,,7.1228650574372505,4.408942,1.971504312180233,1.0240829005831158,26.314637416429747,22.00649616115424,7.660202015597888,11.45617647325415,4.308141255275508,7.148035217978642,256486191.75714853
PPL,PPL Corp.,Ohio Valley Electric Corp.,14015,128,14015,Investor Owned,Independent Power Producer,public,FERC,True,False,221323198.0,0.05122036519324231,7.657480999999999,5.229446004000001,7.2466012060691,5.046839325642429,0.25713314011627586,0.11541724758118464,0.24749073995345816,0.11259203166745035,3.3233899222158656,3.5461482707615026,1.1876286714966293,1.3592865982898426,-0.22275834854563703,1.5820449468354798,76002149.19665287
,"Path West Virginia Transmission Co., LLC","Path West Virginia Transmission Co., LLC",,314,,,Wires Only,private,FERC,True,False,66979.0,,,,,,,,,,,,,,,,
PNW,Pinnacle West Capital Corp.,Arizona Public Service Co.,803,7,803,Investor Owned,Vertically Integrated,public,FERC & IRP,True,True,2030969328.0,0.7660323556435297,27.198378860249438,27.434335886648906,15.920994061343416,12.363192402595978,29.349889452160813,32.27113006100021,17.571636628150408,14.000050257892514,329.05616081103204,276.4181591811781,136.500490014452,148.7070735726196,52.63800162985393,96.06907194276563,4076946982.9733872
,Pioneer Power and Light Co,Pioneer Power & Light Co.,15086,140,15086,Investor Owned,Wires Only,private,FERC,True,False,,,,,,,0.017884185010975225,0.021377548767642723,0.01803694611568867,0.012272800144003419,0.34763742381321877,12.540953705520696,0.15954640187204444,0.1372929517626204,-12.193316281707478,12.3306092334701,722585360.2086482
,"Pioneer Transmission, LLC",Trans-Allegheny Interstate Line Co.,,523,,,Wires Only,private,FERC,True,False,234313974.0,,,,,,,,,,,,,,,,
,"Pioneer Transmission, LLC","Pioneer Transmission, LLC",,,,,Unknown,unmapped,FERC,True,False,21525057.0,,,,,,,,,,,,,,,,
POR,Portland General Electric Co.,Portland General Electric Co.,15248,141,15248,Investor Owned,Vertically Integrated,public,FERC & IRP,True,True,1166026769.0,0.7408048087674715,8.118211789776057,13.2333111594,5.771121608203232,5.523509675731634,18.472835113979553,19.85648196538449,7.7617865713228875,5.3790104462877695,144.49220779909015,120.73211035460547,27.67965062403094,62.512986808259875,23.760097444484686,38.75288936377519,1608299508.2259881
,"Prairie Wind Transmission, LLC","Prairie Wind Transmission, LLC",,319,,,Wires Only,private,FERC,True,False,13955458.0,,,,,,,,,,,,,,,,
PEG,Public Service Enterprise Group,Public Service Electric & Gas Co.,15477,149,15477,Investor Owned,Restructured,public,FERC,True,False,2575027018.0,0.41379190390486903,12.183117813533334,11.210580499999999,2.7386382967520624,0.0,48.28333385129369,36.35652078883142,27.435031994354325,9.27673019193264,372.82119388708617,245.72060619371186,120.59749249512431,104.51482591185732,127.10058769337431,-22.585761781517004,-2230246912.923636
PSD,"Puget Energy, Inc.","Puget Sound Energy, Inc.",15500,150,15500,Investor Owned,Vertically Integrated,public,FERC & IRP,True,True,1207645618.0,,7.077128874596419,11.14847669925,6.005691186321908,5.240580339704022,21.87188232379362,22.641970625984005,11.19419217111292,9.046299965468405,207.40843671153377,172.9660513296782,81.81001707901862,89.72482560262145,34.44238538185556,55.28244022076589,2166732707.9501777
,"SEIF/CO-Invest Transmission Holdings, LLC","Startrans IO, LLC",,318,,,Wires Only,private,FERC,True,False,1456510.0,,,,,,,,,,,,,,,,
,Sempra,"Sharyland Utilities, L.P.",17008,268,17008,Transmission,Wires Only,private,FERC,True,False,,,,,,,,,,,4.833733746580303,3.650804811224337,0.0,0.0,1.182928935355966,-1.1829289353559662,-81044758.38934542
SRE,Sempra Energy,Oncor Electric Delivery Co. LLC,44372,282,44372,Investor Owned,Wires Only,public,FERC,True,False,2961533591.0,0.30724489998962545,,,,,0.0,,0.0,,0.0,0.0,0.0,0.0,0.0,0.0,0.0
SRE,Sempra Energy,San Diego Gas & Electric Co.,16609,155,16609,Investor Owned,Restructured,public,FERC & IRP,True,True,2443795360.0,0.25353204274302316,3.684634201,2.418432791,0.0023123518307050506,0.9066636021119369,16.54080308875328,7.265441900145794,2.9591477618809474,1.5168935119303593,45.94985811703568,62.18366562636597,13.717993499196293,16.46266897037177,-16.23380750933029,32.69647647970206,1784368003.8579624
,"Silver Run Electric, LLC","Silver Run Electric, LLC",,532,,,Wires Only,private,FERC,True,False,20005140.0,,,,,,,,,,,,,,,,
,Singapore,ITC Interconnection LLC,60744,455,60744,Transmission,Wires Only,private,FERC,True,False,1993728.0,,,,,,,,,,,,,,,,
SO,Southern Co.,Georgia Power Co.,7140,57,7140,Investor Owned,Vertically Integrated,public,FERC & IRP,True,True,5340384668.0,0.3306944496872871,82.20720185064138,59.00919209087061,58.51563594019313,22.630256750907307,82.08494033072856,90.277680435245,59.49530919415893,35.047524182100105,1170.8042650939299,852.9429087224551,523.0230701756333,494.282514488594,317.8613563714748,176.42115811711932,4724531713.652537
SO,Southern Co.,Alabama Power Co.,195,2,195,Investor Owned,Vertically Integrated,public,FERC & IRP,True,True,4072605331.0,0.25218932014366213,74.72776182329189,61.208654654934364,51.404672549547364,31.773375238058897,60.46433691186623,55.543018552399985,41.27408177858572,26.763446199635847,711.9001764530567,611.1215200742824,291.66534443637033,267.32016985405346,100.77865637877426,166.54151347527915,7171713329.638021
SO,Southern Co.,Mississippi Power Co.,12686,99,12686,Investor Owned,Vertically Integrated,public,FERC & IRP,True,True,703212338.0,0.0435452559291597,12.532736799,17.879205311,10.722686189694047,8.539945194894782,9.079745214334107,9.572619713732596,7.471422115754812,4.4746226651195435,144.09864082993053,104.75425379720006,43.361874018089466,52.007179423438,39.34438703273047,12.662792390707533,187098639.73702222
SO,Southern Co.,Southern Electric Generating Co.,17622,162,17622,Investor Owned,Independent Power Producer,public,FERC,True,False,67825097.0,0.004199956467892749,,,,,,,,,,,,,,,
,"Southwest Power Pool, Inc.","Southwest Power Pool, Inc.",,297,,,Other,private,FERC,True,False,60049427.0,,,,,,,,,,,,,,,,
,Texas Transmission Holdings Corp.,Oncor Electric Delivery Co. LLC,44372,282,44372,Investor Owned,Wires Only,private,FERC,True,False,2961533591.0,,,,,,0.0,,0.0,,0.0,0.0,0.0,0.0,0.0,0.0,0.0
,"Transource Maryland, LLC","Transource Maryland, LLC",,,,,Unknown,unmapped,FERC,True,False,1522587.0,,,,,,,,,,,,,,,,
,"Transource Oklahoma, LLC","Transource Oklahoma, LLC",,,,,Unknown,unmapped,FERC,True,False,6430.0,,,,,,,,,,,,,,,,
,"Transource Pennsylvania, LLC","Transource Pennsylvania, LLC",,,,,Unknown,unmapped,FERC,True,False,6703767.0,,,,,,,,,,,,,,,,
,"Tri-State Generation & Transmission Association, Inc.",Tri-State Generation & Transmission Association,30151,529,30151,Cooperative,Cooperative,private,FERC & IRP,True,True,460956747.0,,11.20801335279827,8.009204307106787,11.229507653810515,7.4640704957290245,0.0,0.0,0.0,0.0,0.0,0.0,0.0,0.0,0.0,0.0,0.0
UGI,UGI Corp.,"UGI Utilities, Inc.",19390,428,19390,Other,Wires Only,public,FERC,True,False,41723885.0,0.008633123318849576,0.77263912605,,0.6722263608315269,,1.8101844006408394,0.8664738997934314,1.382492834047654,0.31994010643309356,16.96391356928465,13.759998888042464,4.159221383630216,3.579095323320219,3.2039146812421855,0.37518064207803237,-8926063.670837421
UTL,Unitil Corp.,Fitchburg Gas & Electric Light Co.,6374,54,6374,Investor Owned,Restructured,public,FERC,True,False,22739822.0,0.09865432537960954,0.0011892954765957446,,0.0009789957101188481,,0.33424030811694844,0.18543466414795462,0.1565611201070752,0.03234763289974957,1.8919354123614558,1.121120754003956,0.4205192276967444,0.3618654220088662,0.7708146583574997,-0.40894923634863356,-28600116.864347514
UTL,Unitil Corp.,Unitil Power Corp.,,35,,,Wires Only,public,FERC,True,False,,,,,,,,,,,,,,,,,
,Unitil Corporation,"Unitil Energy Systems, Inc.",24590,290,24590,Investor Owned,Wires Only,private,FERC,True,False,50596218.0,,,,,,1.3033592050195306,0.7199109351272902,0.463738648681789,0.08171504109343826,5.388805394084611,3.9565580499492117,1.0622955342146974,0.9141270992344482,1.4322473441353991,-0.5181202449009508,-36015303.475508794
,Upper Missouri G & T Electric Coop.,"Upper Missouri G & T Electric Coop., Inc.",19389,536,19389,Cooperative,Cooperative,private,FERC,True,False,2404145.0,,,,,,0.0,0.0,0.0,0.0,0.0,0.0,0.0,0.0,0.0,0.0,0.0
,Upper Peninsula Power Company,Upper Peninsula Power Co.,19578,181,19578,Investor Owned,Vertically Integrated,private,FERC & IRP,True,True,45457890.0,,0.154109001,0.119754,0.028719085868246244,3.664874439968e-05,0.7865281319122597,0.7703014853592134,0.6799290445595294,0.37181960401071046,12.75904234812224,9.645369082859881,4.833654852139236,2.517561851234076,3.113673265262358,-0.5961114140282823,-38391410.447998494
,Vectren Corp.,Ohio Valley Electric Corp.,14015,128,14015,Investor Owned,Independent Power Producer,private,FERC,True,False,221323198.0,,7.657480999999999,5.229446004000001,7.2466012060691,5.046839325642429,0.25713314011627586,0.11541724758118464,0.24749073995345816,0.11259203166745035,3.3233899222158656,3.5461482707615026,1.1876286714966293,1.3592865982898426,-0.22275834854563703,1.5820449468354798,76002149.19665287
,"Vermont Electric Power Co., Inc.","Vermont Electric Transmission Co., Inc.",,184,,,Wires Only,private,FERC,True,False,1465174.0,,,,,,,,,,,,,,,,
,"Vermont Electric Power Co., Inc.","Vermont Electric Power Co., Inc.",,183,,,Wires Only,private,FERC,True,False,,,,,,,,,,,,,,,,,
,Vermont Transco LLC,Vermont Transco LLC,,320,,,Wires Only,private,FERC,True,False,211501236.0,,,,,,,,,,,,,,,,
WEC,WEC Energy Group,Wisconsin Electric Power Co.,20847,193,20847,Investor Owned,Vertically Integrated,public,FERC & IRP,True,True,1229076787.0,0.24556978761238762,27.501700853142857,5.702991986,25.15561065340292,4.026827774618049,29.788036474319004,13.86866196525384,25.9744688193951,4.422650071828523,311.8059439817442,234.83965548471832,74.87707487963276,58.46169185773244,76.96628849702586,-18.504596639293453,-1622582800.2819328
WEC,WEC Energy Group,American Transmission Co. LLC,,275,,,Wires Only,public,FERC,True,False,663480716.0,0.13256357962037962,,,,,,,,,,,,,,,
WEC,WEC Energy Group,Wisconsin Public Service Corp.,20860,195,20860,Investor Owned,Vertically Integrated,public,FERC,True,False,588952176.0,0.11767276243756243,9.400360949362126,10.242826270610973,9.548764677034109,6.269463862882702,10.878176181614737,11.324619849051604,8.800036590187586,6.513936242295114,163.40601156287772,133.9334191794605,35.34152372164956,76.68531520470496,29.472592383417236,47.21272282128773,1811347619.131061
WEC,WEC Energy Group,Upper Michigan Energy Resources Co.,61029,519,61029,Investor Owned,Restructured,public,FERC,True,False,57461989.0,0.011480916883116882,,0.7162580000000001,,0.323841237417304,,1.782736275572226,,0.9404950109975019,12.699881404223753,4.7756798231140465,3.8090047945398826,11.016759224490878,7.924201581109706,3.0925576433811734,94600611.63547832
WEC,WEC Energy Group,Wisconsin River Power Co.,20863,196,20863,Investor Owned,Independent Power Producer,public,FERC,True,False,6064599.0,0.001211708091908092,0.138361001,,0.0016770591047909453,,0.0,,0.0,,0.0,0.0,0.0,0.0,0.0,0.0,0.0
,Wabash Valley Power Alliance,"Wabash Valley Energy Marketing, Inc.",,312,,,Cooperative,private,FERC,True,False,982834.0,,,,,,,,,,,,,,,,
,"Wabash Valley Power Assn, Inc","Wabash Valley Power Association, Inc.",40211,294,40211,Cooperative,Cooperative,private,FERC & IRP,True,True,113545510.0,,1.20639825,1.4410674753984174,1.0805788096705142,1.0224263476116116,0.0,0.0,0.0,0.0,0.0,0.0,0.0,0.0,0.0,0.0,0.0
,"Wilderness Line Holdings, LLC","Wilderness Line Holdings, LLC",,540,,,Wires Only,private,FERC,True,False,-154236.0,,,,,,,,,,,,,,,,
,Wolverine Power Supply Coop,"Wolverine Power Supply Coop., Inc.",20910,227,20910,Cooperative,Cooperative,private,FERC,True,False,109286530.0,,0.16417664404102472,1.3638773813323186,0.1397622234484973,0.8751026610168287,0.0,0.0,0.0,0.0,0.0,0.0,0.0,0.0,0.0,0.0,0.0
,Wolverine Power Supply Coop.,Ohio Valley Electric Corp.,14015,128,14015,Investor Owned,Independent Power Producer,private,FERC,True,False,221323198.0,,7.657480999999999,5.229446004000001,7.2466012060691,5.046839325642429,0.25713314011627586,0.11541724758118464,0.24749073995345816,0.11259203166745035,3.3233899222158656,3.5461482707615026,1.1876286714966293,1.3592865982898426,-0.22275834854563703,1.5820449468354798,76002149.19665287
XEL,"Xcel Energy, Inc.",Northern States Power Co. (Minnesota),13781,120,13781,Investor Owned,Vertically Integrated,public,FERC & IRP,True,True,2333755941.0,0.30792399274310595,34.904765012374824,37.603025780091585,21.590191164203038,11.024556586637358,36.891532055521715,34.221630301827915,21.222649504030894,9.482269715425396,377.5170146410858,287.686472091362,64.00593611434948,73.7146755478438,89.83054254972376,-16.11586700187999,-1088918825.4629624
XEL,"Xcel Energy, Inc.",Public Service Co. Of Colorado,15466,145,15466,Investor Owned,Vertically Integrated,public,FERC & IRP,True,True,1713095588.0,0.22603187597308352,22.13391987244117,22.937650698819738,19.346562982450664,13.985283823426608,27.340751780753763,30.806587832533555,23.33121575195322,13.428010637173898,464.6474214874059,363.63654583038374,100.684470622027,137.86505760454065,101.01087565702215,36.854181947518526,1266274616.6535475
XEL,"Xcel Energy, Inc.",Southwestern Public Service Co.,17718,166,17718,Investor Owned,Vertically Integrated,public,FERC & IRP,True,True,953239461.0,0.12577377767515505,21.890002998,15.37082101,18.513995018811173,9.851851734887502,16.764216754245577,23.24679271756481,13.846218278064894,10.847860276341661,283.43688225861484,233.2559338390784,68.40155927462409,98.52441307325944,50.180948419536435,48.34346465372303,2193222444.2480946
XEL,"Xcel Energy, Inc.",Northern States Power Co. (Wisconsin),13780,121,13780,Investor Owned,Vertically Integrated,public,FERC,True,False,359764853.0,0.047468644016361,,,,,5.81162411673393,6.427474000000001,3.441026284336433,1.8837656548444293,65.36860435147592,49.88774654319035,13.173862871500427,21.07324686689408,15.48085780828557,5.592389058608511,161513228.74030265
,Yankee Atomic Electric Co.,Yankee Atomic Electric Co.,,198,,,Independent Power Producer,private,FERC,True,False,3960.0,,,,,,,,,,,,,,,,
